Tracker_0,Tracker_1,Tracker_2,Tracker_3,Tracker_4,Tracker_5,Tracker_6,Tracker_7,Tracker_8,Tracker_9,Tracker_10,Tracker_11,Tracker_12,Tracker_13,Tracker_14,Tracker_15
0.7400000000000002,-0.35999999999999943,8.881784197001252e-16,8.881784197001252e-16,8.881784197001252e-16,8.881784197001252e-16,8.881784197001252e-16,8.881784197001252e-16,8.881784197001252e-16,8.881784197001252e-16,8.881784197001252e-16,8.881784197001252e-16,8.881784197001252e-16,8.881784197001252e-16,8.881784197001252e-16,8.881784197001252e-16
0.54,0.32,0.0,0.0,0.0,0.0,0.0,0.0,0.0,0.0,0.0,0.0,0.0,0.0,0.0,0.0
-0.96,-0.2599999999999998,8.881784197001252e-16,8.881784197001252e-16,8.881784197001252e-16,8.881784197001252e-16,8.881784197001252e-16,8.881784197001252e-16,8.881784197001252e-16,8.881784197001252e-16,8.881784197001252e-16,8.881784197001252e-16,8.881784197001252e-16,8.881784197001252e-16,8.881784197001252e-16,8.881784197001252e-16
0.7200000000000006,-0.27999999999999936,8.881784197001252e-16,8.881784197001252e-16,8.881784197001252e-16,8.881784197001252e-16,8.881784197001252e-16,8.881784197001252e-16,8.881784197001252e-16,8.881784197001252e-16,8.881784197001252e-16,8.881784197001252e-16,8.881784197001252e-16,8.881784197001252e-16,8.881784197001252e-16,8.881784197001252e-16
0.56,0.38,0.0,0.0,0.0,0.0,0.0,0.0,0.0,0.0,0.0,0.0,0.0,0.0,0.0,0.0
-0.96,-0.23999999999999932,8.881784197001252e-16,8.881784197001252e-16,8.881784197001252e-16,8.881784197001252e-16,8.881784197001252e-16,8.881784197001252e-16,8.881784197001252e-16,8.881784197001252e-16,8.881784197001252e-16,8.881784197001252e-16,8.881784197001252e-16,8.881784197001252e-16,8.881784197001252e-16,8.881784197001252e-16
0.7200000000000006,-0.6199999999999992,8.881784197001252e-16,8.881784197001252e-16,8.881784197001252e-16,8.881784197001252e-16,8.881784197001252e-16,8.881784197001252e-16,8.881784197001252e-16,8.881784197001252e-16,8.881784197001252e-16,8.881784197001252e-16,8.881784197001252e-16,8.881784197001252e-16,8.881784197001252e-16,8.881784197001252e-16
0.6,0.8,0.0,0.0,0.0,0.0,0.0,0.0,0.0,0.0,0.0,0.0,0.0,0.0,0.0,0.0
-0.9399999999999995,0.22000000000000064,8.881784197001252e-16,8.881784197001252e-16,8.881784197001252e-16,8.881784197001252e-16,8.881784197001252e-16,8.881784197001252e-16,8.881784197001252e-16,8.881784197001252e-16,8.881784197001252e-16,8.881784197001252e-16,8.881784197001252e-16,8.881784197001252e-16,8.881784197001252e-16,8.881784197001252e-16
0.7400000000000002,-0.2999999999999998,0.2600000000000007,8.881784197001252e-16,8.881784197001252e-16,8.881784197001252e-16,8.881784197001252e-16,8.881784197001252e-16,8.881784197001252e-16,8.881784197001252e-16,8.881784197001252e-16,8.881784197001252e-16,8.881784197001252e-16,8.881784197001252e-16,8.881784197001252e-16,8.881784197001252e-16
0.54,0.34,2.24,0.0,0.0,0.0,0.0,0.0,0.0,0.0,0.0,0.0,0.0,0.0,0.0,0.0
-0.9799999999999995,-0.23999999999999932,0.3800000000000008,8.881784197001252e-16,8.881784197001252e-16,8.881784197001252e-16,8.881784197001252e-16,8.881784197001252e-16,8.881784197001252e-16,8.881784197001252e-16,8.881784197001252e-16,8.881784197001252e-16,8.881784197001252e-16,8.881784197001252e-16,8.881784197001252e-16,8.881784197001252e-16
0.7200000000000006,8.881784197001252e-16,8.881784197001252e-16,8.881784197001252e-16,8.881784197001252e-16,8.881784197001252e-16,8.881784197001252e-16,8.881784197001252e-16,8.881784197001252e-16,8.881784197001252e-16,8.881784197001252e-16,8.881784197001252e-16,8.881784197001252e-16,8.881784197001252e-16,8.881784197001252e-16,8.881784197001252e-16
0.56,0.0,0.0,0.0,0.0,0.0,0.0,0.0,0.0,0.0,0.0,0.0,0.0,0.0,0.0,0.0
-0.9799999999999995,8.881784197001252e-16,8.881784197001252e-16,8.881784197001252e-16,8.881784197001252e-16,8.881784197001252e-16,8.881784197001252e-16,8.881784197001252e-16,8.881784197001252e-16,8.881784197001252e-16,8.881784197001252e-16,8.881784197001252e-16,8.881784197001252e-16,8.881784197001252e-16,8.881784197001252e-16,8.881784197001252e-16
0.7400000000000002,-0.33999999999999986,0.22000000000000064,8.881784197001252e-16,8.881784197001252e-16,8.881784197001252e-16,8.881784197001252e-16,8.881784197001252e-16,8.881784197001252e-16,8.881784197001252e-16,8.881784197001252e-16,8.881784197001252e-16,8.881784197001252e-16,8.881784197001252e-16,8.881784197001252e-16,8.881784197001252e-16
0.56,0.32,2.24,0.0,0.0,0.0,0.0,0.0,0.0,0.0,0.0,0.0,0.0,0.0,0.0,0.0
-0.9799999999999995,-0.2599999999999998,0.3800000000000008,8.881784197001252e-16,8.881784197001252e-16,8.881784197001252e-16,8.881784197001252e-16,8.881784197001252e-16,8.881784197001252e-16,8.881784197001252e-16,8.881784197001252e-16,8.881784197001252e-16,8.881784197001252e-16,8.881784197001252e-16,8.881784197001252e-16,8.881784197001252e-16
0.7200000000000006,8.881784197001252e-16,8.881784197001252e-16,8.881784197001252e-16,8.881784197001252e-16,8.881784197001252e-16,8.881784197001252e-16,8.881784197001252e-16,8.881784197001252e-16,8.881784197001252e-16,8.881784197001252e-16,8.881784197001252e-16,8.881784197001252e-16,8.881784197001252e-16,8.881784197001252e-16,8.881784197001252e-16
0.56,0.0,0.0,0.0,0.0,0.0,0.0,0.0,0.0,0.0,0.0,0.0,0.0,0.0,0.0,0.0
-0.9799999999999995,8.881784197001252e-16,8.881784197001252e-16,8.881784197001252e-16,8.881784197001252e-16,8.881784197001252e-16,8.881784197001252e-16,8.881784197001252e-16,8.881784197001252e-16,8.881784197001252e-16,8.881784197001252e-16,8.881784197001252e-16,8.881784197001252e-16,8.881784197001252e-16,8.881784197001252e-16,8.881784197001252e-16
0.7200000000000006,8.881784197001252e-16,8.881784197001252e-16,8.881784197001252e-16,8.881784197001252e-16,8.881784197001252e-16,8.881784197001252e-16,8.881784197001252e-16,8.881784197001252e-16,8.881784197001252e-16,8.881784197001252e-16,8.881784197001252e-16,8.881784197001252e-16,8.881784197001252e-16,8.881784197001252e-16,8.881784197001252e-16
0.62,0.0,0.0,0.0,0.0,0.0,0.0,0.0,0.0,0.0,0.0,0.0,0.0,0.0,0.0,0.0
-0.9399999999999995,8.881784197001252e-16,8.881784197001252e-16,8.881784197001252e-16,8.881784197001252e-16,8.881784197001252e-16,8.881784197001252e-16,8.881784197001252e-16,8.881784197001252e-16,8.881784197001252e-16,8.881784197001252e-16,8.881784197001252e-16,8.881784197001252e-16,8.881784197001252e-16,8.881784197001252e-16,8.881784197001252e-16
0.7400000000000002,-0.35999999999999943,8.881784197001252e-16,8.881784197001252e-16,8.881784197001252e-16,8.881784197001252e-16,8.881784197001252e-16,8.881784197001252e-16,8.881784197001252e-16,8.881784197001252e-16,8.881784197001252e-16,8.881784197001252e-16,8.881784197001252e-16,8.881784197001252e-16,8.881784197001252e-16,8.881784197001252e-16
0.5,0.32,0.0,0.0,0.0,0.0,0.0,0.0,0.0,0.0,0.0,0.0,0.0,0.0,0.0,0.0
-1.0,-0.2599999999999998,8.881784197001252e-16,8.881784197001252e-16,8.881784197001252e-16,8.881784197001252e-16,8.881784197001252e-16,8.881784197001252e-16,8.881784197001252e-16,8.881784197001252e-16,8.881784197001252e-16,8.881784197001252e-16,8.881784197001252e-16,8.881784197001252e-16,8.881784197001252e-16,8.881784197001252e-16
8.881784197001252e-16,1.2400000000000002,-0.23999999999999932,0.4200000000000008,0.9200000000000008,1.0600000000000005,8.881784197001252e-16,8.881784197001252e-16,8.881784197001252e-16,8.881784197001252e-16,8.881784197001252e-16,8.881784197001252e-16,8.881784197001252e-16,8.881784197001252e-16,8.881784197001252e-16,8.881784197001252e-16
0.5,0.66,0.2,1.3800000000000001,1.04,0.92,0.0,0.0,0.0,0.0,0.0,0.0,0.0,0.0,0.0,0.0
-0.21999999999999975,-0.15999999999999925,-0.3199999999999994,-0.23999999999999932,-0.2599999999999998,8.881784197001252e-16,8.881784197001252e-16,8.881784197001252e-16,8.881784197001252e-16,8.881784197001252e-16,8.881784197001252e-16,8.881784197001252e-16,8.881784197001252e-16,8.881784197001252e-16,8.881784197001252e-16,8.881784197001252e-16
0.10000000000000053,-0.019999999999999574,-0.2999999999999998,0.5800000000000001,1.0200000000000005,0.22000000000000064,0.2400000000000002,8.881784197001252e-16,8.881784197001252e-16,8.881784197001252e-16,8.881784197001252e-16,8.881784197001252e-16,8.881784197001252e-16,8.881784197001252e-16,8.881784197001252e-16,8.881784197001252e-16
1.78,0.48,0.34,1.3800000000000001,0.9,0.42,1.9000000000000001,0.0,0.0,0.0,0.0,0.0,0.0,0.0,0.0,0.0
0.14000000000000057,0.5000000000000009,-0.39999999999999947,0.10000000000000053,-0.23999999999999932,-0.2599999999999998,-1.2199999999999998,8.881784197001252e-16,8.881784197001252e-16,8.881784197001252e-16,8.881784197001252e-16,8.881784197001252e-16,8.881784197001252e-16,8.881784197001252e-16,8.881784197001252e-16,8.881784197001252e-16
-0.019999999999999574,0.9800000000000004,0.14000000000000057,8.881784197001252e-16,8.881784197001252e-16,8.881784197001252e-16,8.881784197001252e-16,8.881784197001252e-16,8.881784197001252e-16,8.881784197001252e-16,8.881784197001252e-16,8.881784197001252e-16,8.881784197001252e-16,8.881784197001252e-16,8.881784197001252e-16,8.881784197001252e-16
0.72,0.92,1.84,0.0,0.0,0.0,0.0,0.0,0.0,0.0,0.0,0.0,0.0,0.0,0.0,0.0
-0.5599999999999996,-0.3799999999999999,-1.3399999999999994,8.881784197001252e-16,8.881784197001252e-16,8.881784197001252e-16,8.881784197001252e-16,8.881784197001252e-16,8.881784197001252e-16,8.881784197001252e-16,8.881784197001252e-16,8.881784197001252e-16,8.881784197001252e-16,8.881784197001252e-16,8.881784197001252e-16,8.881784197001252e-16
0.6200000000000001,-0.23999999999999932,0.14000000000000057,-0.03999999999999915,1.08,8.881784197001252e-16,8.881784197001252e-16,8.881784197001252e-16,8.881784197001252e-16,8.881784197001252e-16,8.881784197001252e-16,8.881784197001252e-16,8.881784197001252e-16,8.881784197001252e-16,8.881784197001252e-16,8.881784197001252e-16
1.3800000000000001,0.24,1.78,0.36,0.8200000000000001,0.0,0.0,0.0,0.0,0.0,0.0,0.0,0.0,0.0,0.0,0.0
0.0600000000000005,-0.3199999999999994,0.10000000000000053,-0.05999999999999961,-0.2599999999999998,8.881784197001252e-16,8.881784197001252e-16,8.881784197001252e-16,8.881784197001252e-16,8.881784197001252e-16,8.881784197001252e-16,8.881784197001252e-16,8.881784197001252e-16,8.881784197001252e-16,8.881784197001252e-16,8.881784197001252e-16
-0.11999999999999922,0.6600000000000001,0.9000000000000004,8.881784197001252e-16,8.881784197001252e-16,8.881784197001252e-16,8.881784197001252e-16,8.881784197001252e-16,8.881784197001252e-16,8.881784197001252e-16,8.881784197001252e-16,8.881784197001252e-16,8.881784197001252e-16,8.881784197001252e-16,8.881784197001252e-16,8.881784197001252e-16
0.46,1.34,1.02,0.0,0.0,0.0,0.0,0.0,0.0,0.0,0.0,0.0,0.0,0.0,0.0,0.0
-0.1999999999999993,0.0600000000000005,-0.2999999999999998,8.881784197001252e-16,8.881784197001252e-16,8.881784197001252e-16,8.881784197001252e-16,8.881784197001252e-16,8.881784197001252e-16,8.881784197001252e-16,8.881784197001252e-16,8.881784197001252e-16,8.881784197001252e-16,8.881784197001252e-16,8.881784197001252e-16,8.881784197001252e-16
0.14000000000000057,0.6000000000000005,1.0200000000000005,8.881784197001252e-16,8.881784197001252e-16,8.881784197001252e-16,8.881784197001252e-16,8.881784197001252e-16,8.881784197001252e-16,8.881784197001252e-16,8.881784197001252e-16,8.881784197001252e-16,8.881784197001252e-16,8.881784197001252e-16,8.881784197001252e-16,8.881784197001252e-16
0.38,1.34,0.9,0.0,0.0,0.0,0.0,0.0,0.0,0.0,0.0,0.0,0.0,0.0,0.0,0.0
-0.3199999999999994,0.20000000000000018,-0.3199999999999994,8.881784197001252e-16,8.881784197001252e-16,8.881784197001252e-16,8.881784197001252e-16,8.881784197001252e-16,8.881784197001252e-16,8.881784197001252e-16,8.881784197001252e-16,8.881784197001252e-16,8.881784197001252e-16,8.881784197001252e-16,8.881784197001252e-16,8.881784197001252e-16
0.5800000000000001,0.6000000000000005,0.9800000000000004,-0.13999999999999968,8.881784197001252e-16,8.881784197001252e-16,8.881784197001252e-16,8.881784197001252e-16,8.881784197001252e-16,8.881784197001252e-16,8.881784197001252e-16,8.881784197001252e-16,8.881784197001252e-16,8.881784197001252e-16,8.881784197001252e-16,8.881784197001252e-16
1.68,1.42,0.9400000000000001,0.36,0.0,0.0,0.0,0.0,0.0,0.0,0.0,0.0,0.0,0.0,0.0,0.0
1.08,8.881784197001252e-16,-0.3199999999999994,-0.09999999999999964,8.881784197001252e-16,8.881784197001252e-16,8.881784197001252e-16,8.881784197001252e-16,8.881784197001252e-16,8.881784197001252e-16,8.881784197001252e-16,8.881784197001252e-16,8.881784197001252e-16,8.881784197001252e-16,8.881784197001252e-16,8.881784197001252e-16
-0.07999999999999918,0.6200000000000001,0.9600000000000009,1.0000000000000009,8.881784197001252e-16,8.881784197001252e-16,8.881784197001252e-16,8.881784197001252e-16,8.881784197001252e-16,8.881784197001252e-16,8.881784197001252e-16,8.881784197001252e-16,8.881784197001252e-16,8.881784197001252e-16,8.881784197001252e-16,8.881784197001252e-16
0.38,1.44,1.0,0.84,0.0,0.0,0.0,0.0,0.0,0.0,0.0,0.0,0.0,0.0,0.0,0.0
0.8800000000000008,-0.03999999999999915,-0.2599999999999998,-0.5799999999999992,8.881784197001252e-16,8.881784197001252e-16,8.881784197001252e-16,8.881784197001252e-16,8.881784197001252e-16,8.881784197001252e-16,8.881784197001252e-16,8.881784197001252e-16,8.881784197001252e-16,8.881784197001252e-16,8.881784197001252e-16,8.881784197001252e-16
8.881784197001252e-16,0.6000000000000005,1.0600000000000005,-1.8599999999999994,0.1800000000000006,8.881784197001252e-16,8.881784197001252e-16,8.881784197001252e-16,8.881784197001252e-16,8.881784197001252e-16,8.881784197001252e-16,8.881784197001252e-16,8.881784197001252e-16,8.881784197001252e-16,8.881784197001252e-16,8.881784197001252e-16
0.54,1.44,0.8200000000000001,1.3800000000000001,1.82,0.0,0.0,0.0,0.0,0.0,0.0,0.0,0.0,0.0,0.0,0.0
-0.2999999999999998,0.040000000000000036,-0.3199999999999994,-2.1399999999999997,0.6000000000000005,8.881784197001252e-16,8.881784197001252e-16,8.881784197001252e-16,8.881784197001252e-16,8.881784197001252e-16,8.881784197001252e-16,8.881784197001252e-16,8.881784197001252e-16,8.881784197001252e-16,8.881784197001252e-16,8.881784197001252e-16
-0.21999999999999975,-0.03999999999999915,1.0200000000000005,0.5800000000000001,8.881784197001252e-16,8.881784197001252e-16,8.881784197001252e-16,8.881784197001252e-16,8.881784197001252e-16,8.881784197001252e-16,8.881784197001252e-16,8.881784197001252e-16,8.881784197001252e-16,8.881784197001252e-16,8.881784197001252e-16,8.881784197001252e-16
0.52,0.5,0.84,1.46,0.0,0.0,0.0,0.0,0.0,0.0,0.0,0.0,0.0,0.0,0.0,0.0
-0.27999999999999936,0.5600000000000005,-0.47999999999999954,0.040000000000000036,8.881784197001252e-16,8.881784197001252e-16,8.881784197001252e-16,8.881784197001252e-16,8.881784197001252e-16,8.881784197001252e-16,8.881784197001252e-16,8.881784197001252e-16,8.881784197001252e-16,8.881784197001252e-16,8.881784197001252e-16,8.881784197001252e-16
0.9400000000000004,0.6600000000000001,-0.019999999999999574,8.881784197001252e-16,8.881784197001252e-16,8.881784197001252e-16,8.881784197001252e-16,8.881784197001252e-16,8.881784197001252e-16,8.881784197001252e-16,8.881784197001252e-16,8.881784197001252e-16,8.881784197001252e-16,8.881784197001252e-16,8.881784197001252e-16,8.881784197001252e-16
1.0,1.36,0.44,0.0,0.0,0.0,0.0,0.0,0.0,0.0,0.0,0.0,0.0,0.0,0.0,0.0
-0.3799999999999999,0.10000000000000053,-0.2999999999999998,8.881784197001252e-16,8.881784197001252e-16,8.881784197001252e-16,8.881784197001252e-16,8.881784197001252e-16,8.881784197001252e-16,8.881784197001252e-16,8.881784197001252e-16,8.881784197001252e-16,8.881784197001252e-16,8.881784197001252e-16,8.881784197001252e-16,8.881784197001252e-16
0.7200000000000006,0.16000000000000014,8.881784197001252e-16,8.881784197001252e-16,8.881784197001252e-16,8.881784197001252e-16,8.881784197001252e-16,8.881784197001252e-16,8.881784197001252e-16,8.881784197001252e-16,8.881784197001252e-16,8.881784197001252e-16,8.881784197001252e-16,8.881784197001252e-16,8.881784197001252e-16,8.881784197001252e-16
0.54,1.84,0.0,0.0,0.0,0.0,0.0,0.0,0.0,0.0,0.0,0.0,0.0,0.0,0.0,0.0
-0.9799999999999995,1.1000000000000005,8.881784197001252e-16,8.881784197001252e-16,8.881784197001252e-16,8.881784197001252e-16,8.881784197001252e-16,8.881784197001252e-16,8.881784197001252e-16,8.881784197001252e-16,8.881784197001252e-16,8.881784197001252e-16,8.881784197001252e-16,8.881784197001252e-16,8.881784197001252e-16,8.881784197001252e-16
0.7200000000000006,-0.7799999999999994,-0.3199999999999994,8.881784197001252e-16,8.881784197001252e-16,8.881784197001252e-16,8.881784197001252e-16,8.881784197001252e-16,8.881784197001252e-16,8.881784197001252e-16,8.881784197001252e-16,8.881784197001252e-16,8.881784197001252e-16,8.881784197001252e-16,8.881784197001252e-16,8.881784197001252e-16
0.56,0.4,0.36,0.0,0.0,0.0,0.0,0.0,0.0,0.0,0.0,0.0,0.0,0.0,0.0,0.0
-0.96,0.1800000000000006,-0.23999999999999932,8.881784197001252e-16,8.881784197001252e-16,8.881784197001252e-16,8.881784197001252e-16,8.881784197001252e-16,8.881784197001252e-16,8.881784197001252e-16,8.881784197001252e-16,8.881784197001252e-16,8.881784197001252e-16,8.881784197001252e-16,8.881784197001252e-16,8.881784197001252e-16
0.7200000000000006,8.881784197001252e-16,8.881784197001252e-16,8.881784197001252e-16,8.881784197001252e-16,8.881784197001252e-16,8.881784197001252e-16,8.881784197001252e-16,8.881784197001252e-16,8.881784197001252e-16,8.881784197001252e-16,8.881784197001252e-16,8.881784197001252e-16,8.881784197001252e-16,8.881784197001252e-16,8.881784197001252e-16
0.6,0.0,0.0,0.0,0.0,0.0,0.0,0.0,0.0,0.0,0.0,0.0,0.0,0.0,0.0,0.0
-0.9399999999999995,8.881784197001252e-16,8.881784197001252e-16,8.881784197001252e-16,8.881784197001252e-16,8.881784197001252e-16,8.881784197001252e-16,8.881784197001252e-16,8.881784197001252e-16,8.881784197001252e-16,8.881784197001252e-16,8.881784197001252e-16,8.881784197001252e-16,8.881784197001252e-16,8.881784197001252e-16,8.881784197001252e-16
0.7400000000000002,8.881784197001252e-16,8.881784197001252e-16,8.881784197001252e-16,8.881784197001252e-16,8.881784197001252e-16,8.881784197001252e-16,8.881784197001252e-16,8.881784197001252e-16,8.881784197001252e-16,8.881784197001252e-16,8.881784197001252e-16,8.881784197001252e-16,8.881784197001252e-16,8.881784197001252e-16,8.881784197001252e-16
0.56,0.0,0.0,0.0,0.0,0.0,0.0,0.0,0.0,0.0,0.0,0.0,0.0,0.0,0.0,0.0
-0.96,8.881784197001252e-16,8.881784197001252e-16,8.881784197001252e-16,8.881784197001252e-16,8.881784197001252e-16,8.881784197001252e-16,8.881784197001252e-16,8.881784197001252e-16,8.881784197001252e-16,8.881784197001252e-16,8.881784197001252e-16,8.881784197001252e-16,8.881784197001252e-16,8.881784197001252e-16,8.881784197001252e-16
0.0600000000000005,0.10000000000000053,1.08,8.881784197001252e-16,8.881784197001252e-16,8.881784197001252e-16,8.881784197001252e-16,8.881784197001252e-16,8.881784197001252e-16,8.881784197001252e-16,8.881784197001252e-16,8.881784197001252e-16,8.881784197001252e-16,8.881784197001252e-16,8.881784197001252e-16,8.881784197001252e-16
1.8,0.5,0.88,0.0,0.0,0.0,0.0,0.0,0.0,0.0,0.0,0.0,0.0,0.0,0.0,0.0
0.08000000000000007,-0.21999999999999975,-0.13999999999999968,8.881784197001252e-16,8.881784197001252e-16,8.881784197001252e-16,8.881784197001252e-16,8.881784197001252e-16,8.881784197001252e-16,8.881784197001252e-16,8.881784197001252e-16,8.881784197001252e-16,8.881784197001252e-16,8.881784197001252e-16,8.881784197001252e-16,8.881784197001252e-16
0.0600000000000005,0.08000000000000007,1.08,8.881784197001252e-16,8.881784197001252e-16,8.881784197001252e-16,8.881784197001252e-16,8.881784197001252e-16,8.881784197001252e-16,8.881784197001252e-16,8.881784197001252e-16,8.881784197001252e-16,8.881784197001252e-16,8.881784197001252e-16,8.881784197001252e-16,8.881784197001252e-16
1.78,0.38,0.86,0.0,0.0,0.0,0.0,0.0,0.0,0.0,0.0,0.0,0.0,0.0,0.0,0.0
0.08000000000000007,-0.17999999999999972,-0.11999999999999922,8.881784197001252e-16,8.881784197001252e-16,8.881784197001252e-16,8.881784197001252e-16,8.881784197001252e-16,8.881784197001252e-16,8.881784197001252e-16,8.881784197001252e-16,8.881784197001252e-16,8.881784197001252e-16,8.881784197001252e-16,8.881784197001252e-16,8.881784197001252e-16
0.08000000000000007,-0.2999999999999998,1.08,8.881784197001252e-16,8.881784197001252e-16,8.881784197001252e-16,8.881784197001252e-16,8.881784197001252e-16,8.881784197001252e-16,8.881784197001252e-16,8.881784197001252e-16,8.881784197001252e-16,8.881784197001252e-16,8.881784197001252e-16,8.881784197001252e-16,8.881784197001252e-16
1.8,0.38,0.9,0.0,0.0,0.0,0.0,0.0,0.0,0.0,0.0,0.0,0.0,0.0,0.0,0.0
0.08000000000000007,-0.21999999999999975,-0.13999999999999968,8.881784197001252e-16,8.881784197001252e-16,8.881784197001252e-16,8.881784197001252e-16,8.881784197001252e-16,8.881784197001252e-16,8.881784197001252e-16,8.881784197001252e-16,8.881784197001252e-16,8.881784197001252e-16,8.881784197001252e-16,8.881784197001252e-16,8.881784197001252e-16
0.5000000000000009,0.08000000000000007,8.881784197001252e-16,8.881784197001252e-16,8.881784197001252e-16,8.881784197001252e-16,8.881784197001252e-16,8.881784197001252e-16,8.881784197001252e-16,8.881784197001252e-16,8.881784197001252e-16,8.881784197001252e-16,8.881784197001252e-16,8.881784197001252e-16,8.881784197001252e-16,8.881784197001252e-16
1.44,1.78,0.0,0.0,0.0,0.0,0.0,0.0,0.0,0.0,0.0,0.0,0.0,0.0,0.0,0.0
-0.11999999999999922,0.1200000000000001,8.881784197001252e-16,8.881784197001252e-16,8.881784197001252e-16,8.881784197001252e-16,8.881784197001252e-16,8.881784197001252e-16,8.881784197001252e-16,8.881784197001252e-16,8.881784197001252e-16,8.881784197001252e-16,8.881784197001252e-16,8.881784197001252e-16,8.881784197001252e-16,8.881784197001252e-16
0.54,1.040000000000001,-0.41999999999999993,8.881784197001252e-16,8.881784197001252e-16,8.881784197001252e-16,8.881784197001252e-16,8.881784197001252e-16,8.881784197001252e-16,8.881784197001252e-16,8.881784197001252e-16,8.881784197001252e-16,8.881784197001252e-16,8.881784197001252e-16,8.881784197001252e-16,8.881784197001252e-16
1.44,0.88,1.8800000000000001,0.0,0.0,0.0,0.0,0.0,0.0,0.0,0.0,0.0,0.0,0.0,0.0,0.0
0.0600000000000005,-0.3199999999999994,-0.96,8.881784197001252e-16,8.881784197001252e-16,8.881784197001252e-16,8.881784197001252e-16,8.881784197001252e-16,8.881784197001252e-16,8.881784197001252e-16,8.881784197001252e-16,8.881784197001252e-16,8.881784197001252e-16,8.881784197001252e-16,8.881784197001252e-16,8.881784197001252e-16
0.6200000000000001,0.9600000000000009,0.0600000000000005,-0.05999999999999961,8.881784197001252e-16,8.881784197001252e-16,8.881784197001252e-16,8.881784197001252e-16,8.881784197001252e-16,8.881784197001252e-16,8.881784197001252e-16,8.881784197001252e-16,8.881784197001252e-16,8.881784197001252e-16,8.881784197001252e-16,8.881784197001252e-16
1.4000000000000001,0.98,0.46,0.36,0.0,0.0,0.0,0.0,0.0,0.0,0.0,0.0,0.0,0.0,0.0,0.0
0.08000000000000007,-0.2599999999999998,-0.27999999999999936,0.040000000000000036,8.881784197001252e-16,8.881784197001252e-16,8.881784197001252e-16,8.881784197001252e-16,8.881784197001252e-16,8.881784197001252e-16,8.881784197001252e-16,8.881784197001252e-16,8.881784197001252e-16,8.881784197001252e-16,8.881784197001252e-16,8.881784197001252e-16
-0.019999999999999574,0.9600000000000009,8.881784197001252e-16,8.881784197001252e-16,8.881784197001252e-16,8.881784197001252e-16,8.881784197001252e-16,8.881784197001252e-16,8.881784197001252e-16,8.881784197001252e-16,8.881784197001252e-16,8.881784197001252e-16,8.881784197001252e-16,8.881784197001252e-16,8.881784197001252e-16,8.881784197001252e-16
0.72,0.98,0.0,0.0,0.0,0.0,0.0,0.0,0.0,0.0,0.0,0.0,0.0,0.0,0.0,0.0
-0.5599999999999996,-0.2999999999999998,8.881784197001252e-16,8.881784197001252e-16,8.881784197001252e-16,8.881784197001252e-16,8.881784197001252e-16,8.881784197001252e-16,8.881784197001252e-16,8.881784197001252e-16,8.881784197001252e-16,8.881784197001252e-16,8.881784197001252e-16,8.881784197001252e-16,8.881784197001252e-16,8.881784197001252e-16
0.6200000000000001,-0.23999999999999932,0.14000000000000057,-0.03999999999999915,1.08,8.881784197001252e-16,8.881784197001252e-16,8.881784197001252e-16,8.881784197001252e-16,8.881784197001252e-16,8.881784197001252e-16,8.881784197001252e-16,8.881784197001252e-16,8.881784197001252e-16,8.881784197001252e-16,8.881784197001252e-16
1.3800000000000001,0.24,1.78,0.36,0.8200000000000001,0.0,0.0,0.0,0.0,0.0,0.0,0.0,0.0,0.0,0.0,0.0
0.0600000000000005,-0.3199999999999994,0.10000000000000053,-0.05999999999999961,-0.2599999999999998,8.881784197001252e-16,8.881784197001252e-16,8.881784197001252e-16,8.881784197001252e-16,8.881784197001252e-16,8.881784197001252e-16,8.881784197001252e-16,8.881784197001252e-16,8.881784197001252e-16,8.881784197001252e-16,8.881784197001252e-16
-0.05999999999999961,-0.17999999999999972,0.1800000000000006,0.5800000000000001,1.0200000000000005,8.881784197001252e-16,8.881784197001252e-16,8.881784197001252e-16,8.881784197001252e-16,8.881784197001252e-16,8.881784197001252e-16,8.881784197001252e-16,8.881784197001252e-16,8.881784197001252e-16,8.881784197001252e-16,8.881784197001252e-16
0.84,0.3,1.8,1.46,0.9,0.0,0.0,0.0,0.0,0.0,0.0,0.0,0.0,0.0,0.0,0.0
-0.019999999999999574,-0.27999999999999936,0.6200000000000001,0.040000000000000036,-0.23999999999999932,8.881784197001252e-16,8.881784197001252e-16,8.881784197001252e-16,8.881784197001252e-16,8.881784197001252e-16,8.881784197001252e-16,8.881784197001252e-16,8.881784197001252e-16,8.881784197001252e-16,8.881784197001252e-16,8.881784197001252e-16
0.6000000000000005,0.0600000000000005,1.1400000000000006,8.881784197001252e-16,8.881784197001252e-16,8.881784197001252e-16,8.881784197001252e-16,8.881784197001252e-16,8.881784197001252e-16,8.881784197001252e-16,8.881784197001252e-16,8.881784197001252e-16,8.881784197001252e-16,8.881784197001252e-16,8.881784197001252e-16,8.881784197001252e-16
1.42,1.78,0.8,0.0,0.0,0.0,0.0,0.0,0.0,0.0,0.0,0.0,0.0,0.0,0.0,0.0
-0.019999999999999574,0.1200000000000001,-0.23999999999999932,8.881784197001252e-16,8.881784197001252e-16,8.881784197001252e-16,8.881784197001252e-16,8.881784197001252e-16,8.881784197001252e-16,8.881784197001252e-16,8.881784197001252e-16,8.881784197001252e-16,8.881784197001252e-16,8.881784197001252e-16,8.881784197001252e-16,8.881784197001252e-16
0.6200000000000001,0.08000000000000007,1.0200000000000005,8.881784197001252e-16,8.881784197001252e-16,8.881784197001252e-16,8.881784197001252e-16,8.881784197001252e-16,8.881784197001252e-16,8.881784197001252e-16,8.881784197001252e-16,8.881784197001252e-16,8.881784197001252e-16,8.881784197001252e-16,8.881784197001252e-16,8.881784197001252e-16
1.44,1.78,0.9400000000000001,0.0,0.0,0.0,0.0,0.0,0.0,0.0,0.0,0.0,0.0,0.0,0.0,0.0
-0.019999999999999574,0.1200000000000001,-0.21999999999999975,8.881784197001252e-16,8.881784197001252e-16,8.881784197001252e-16,8.881784197001252e-16,8.881784197001252e-16,8.881784197001252e-16,8.881784197001252e-16,8.881784197001252e-16,8.881784197001252e-16,8.881784197001252e-16,8.881784197001252e-16,8.881784197001252e-16,8.881784197001252e-16
-0.13999999999999968,-0.2999999999999998,-0.33999999999999986,-0.11999999999999922,0.9400000000000004,-0.019999999999999574,-0.6599999999999993,8.881784197001252e-16,8.881784197001252e-16,8.881784197001252e-16,8.881784197001252e-16,8.881784197001252e-16,8.881784197001252e-16,8.881784197001252e-16,8.881784197001252e-16,8.881784197001252e-16
0.34,1.8800000000000001,1.8,1.94,0.98,0.46,1.82,0.0,0.0,0.0,0.0,0.0,0.0,0.0,0.0,0.0
-0.33999999999999986,-0.33999999999999986,-0.6199999999999992,0.3600000000000003,-0.2999999999999998,8.881784197001252e-16,-0.8199999999999994,8.881784197001252e-16,8.881784197001252e-16,8.881784197001252e-16,8.881784197001252e-16,8.881784197001252e-16,8.881784197001252e-16,8.881784197001252e-16,8.881784197001252e-16,8.881784197001252e-16
0.10000000000000053,-0.4999999999999991,1.040000000000001,8.881784197001252e-16,8.881784197001252e-16,8.881784197001252e-16,8.881784197001252e-16,8.881784197001252e-16,8.881784197001252e-16,8.881784197001252e-16,8.881784197001252e-16,8.881784197001252e-16,8.881784197001252e-16,8.881784197001252e-16,8.881784197001252e-16,8.881784197001252e-16
0.42,1.8,0.9,0.0,0.0,0.0,0.0,0.0,0.0,0.0,0.0,0.0,0.0,0.0,0.0,0.0
-0.23999999999999932,-1.7799999999999994,-0.15999999999999925,8.881784197001252e-16,8.881784197001252e-16,8.881784197001252e-16,8.881784197001252e-16,8.881784197001252e-16,8.881784197001252e-16,8.881784197001252e-16,8.881784197001252e-16,8.881784197001252e-16,8.881784197001252e-16,8.881784197001252e-16,8.881784197001252e-16,8.881784197001252e-16
8.881784197001252e-16,-0.21999999999999975,1.0200000000000005,0.08000000000000007,-0.4399999999999995,8.881784197001252e-16,8.881784197001252e-16,8.881784197001252e-16,8.881784197001252e-16,8.881784197001252e-16,8.881784197001252e-16,8.881784197001252e-16,8.881784197001252e-16,8.881784197001252e-16,8.881784197001252e-16,8.881784197001252e-16
0.56,0.24,0.92,0.4,1.82,0.0,0.0,0.0,0.0,0.0,0.0,0.0,0.0,0.0,0.0,0.0
0.40000000000000036,-0.3199999999999994,-0.2999999999999998,-0.21999999999999975,-0.45999999999999996,8.881784197001252e-16,8.881784197001252e-16,8.881784197001252e-16,8.881784197001252e-16,8.881784197001252e-16,8.881784197001252e-16,8.881784197001252e-16,8.881784197001252e-16,8.881784197001252e-16,8.881784197001252e-16,8.881784197001252e-16
0.08000000000000007,-0.05999999999999961,0.5800000000000001,1.08,0.20000000000000018,0.22000000000000064,8.881784197001252e-16,8.881784197001252e-16,8.881784197001252e-16,8.881784197001252e-16,8.881784197001252e-16,8.881784197001252e-16,8.881784197001252e-16,8.881784197001252e-16,8.881784197001252e-16,8.881784197001252e-16
1.8,0.46,1.3800000000000001,0.84,0.48,1.86,0.0,0.0,0.0,0.0,0.0,0.0,0.0,0.0,0.0,0.0
0.10000000000000053,0.5200000000000005,0.08000000000000007,-0.17999999999999972,-0.35999999999999943,-1.2599999999999998,8.881784197001252e-16,8.881784197001252e-16,8.881784197001252e-16,8.881784197001252e-16,8.881784197001252e-16,8.881784197001252e-16,8.881784197001252e-16,8.881784197001252e-16,8.881784197001252e-16,8.881784197001252e-16
0.10000000000000053,-0.07999999999999918,0.22000000000000064,1.08,8.881784197001252e-16,8.881784197001252e-16,8.881784197001252e-16,8.881784197001252e-16,8.881784197001252e-16,8.881784197001252e-16,8.881784197001252e-16,8.881784197001252e-16,8.881784197001252e-16,8.881784197001252e-16,8.881784197001252e-16,8.881784197001252e-16
1.78,0.34,0.54,0.86,0.0,0.0,0.0,0.0,0.0,0.0,0.0,0.0,0.0,0.0,0.0,0.0
0.10000000000000053,-0.1999999999999993,-0.41999999999999993,-0.15999999999999925,8.881784197001252e-16,8.881784197001252e-16,8.881784197001252e-16,8.881784197001252e-16,8.881784197001252e-16,8.881784197001252e-16,8.881784197001252e-16,8.881784197001252e-16,8.881784197001252e-16,8.881784197001252e-16,8.881784197001252e-16,8.881784197001252e-16
0.10000000000000053,0.6000000000000005,0.9400000000000004,8.881784197001252e-16,8.881784197001252e-16,8.881784197001252e-16,8.881784197001252e-16,8.881784197001252e-16,8.881784197001252e-16,8.881784197001252e-16,8.881784197001252e-16,8.881784197001252e-16,8.881784197001252e-16,8.881784197001252e-16,8.881784197001252e-16,8.881784197001252e-16
1.8,1.44,1.0,0.0,0.0,0.0,0.0,0.0,0.0,0.0,0.0,0.0,0.0,0.0,0.0,0.0
0.10000000000000053,0.16000000000000014,0.040000000000000036,8.881784197001252e-16,8.881784197001252e-16,8.881784197001252e-16,8.881784197001252e-16,8.881784197001252e-16,8.881784197001252e-16,8.881784197001252e-16,8.881784197001252e-16,8.881784197001252e-16,8.881784197001252e-16,8.881784197001252e-16,8.881784197001252e-16,8.881784197001252e-16
0.08000000000000007,-0.21999999999999975,1.7400000000000002,1.08,8.881784197001252e-16,8.881784197001252e-16,8.881784197001252e-16,8.881784197001252e-16,8.881784197001252e-16,8.881784197001252e-16,8.881784197001252e-16,8.881784197001252e-16,8.881784197001252e-16,8.881784197001252e-16,8.881784197001252e-16,8.881784197001252e-16
1.78,0.32,1.96,0.86,0.0,0.0,0.0,0.0,0.0,0.0,0.0,0.0,0.0,0.0,0.0,0.0
0.10000000000000053,-0.13999999999999968,-0.6399999999999997,-0.15999999999999925,8.881784197001252e-16,8.881784197001252e-16,8.881784197001252e-16,8.881784197001252e-16,8.881784197001252e-16,8.881784197001252e-16,8.881784197001252e-16,8.881784197001252e-16,8.881784197001252e-16,8.881784197001252e-16,8.881784197001252e-16,8.881784197001252e-16
0.08000000000000007,-0.3199999999999994,0.1200000000000001,1.08,8.881784197001252e-16,8.881784197001252e-16,8.881784197001252e-16,8.881784197001252e-16,8.881784197001252e-16,8.881784197001252e-16,8.881784197001252e-16,8.881784197001252e-16,8.881784197001252e-16,8.881784197001252e-16,8.881784197001252e-16,8.881784197001252e-16
1.78,0.3,0.54,0.86,0.0,0.0,0.0,0.0,0.0,0.0,0.0,0.0,0.0,0.0,0.0,0.0
0.10000000000000053,-0.2599999999999998,-0.41999999999999993,-0.15999999999999925,8.881784197001252e-16,8.881784197001252e-16,8.881784197001252e-16,8.881784197001252e-16,8.881784197001252e-16,8.881784197001252e-16,8.881784197001252e-16,8.881784197001252e-16,8.881784197001252e-16,8.881784197001252e-16,8.881784197001252e-16,8.881784197001252e-16
0.08000000000000007,1.08,8.881784197001252e-16,8.881784197001252e-16,8.881784197001252e-16,8.881784197001252e-16,8.881784197001252e-16,8.881784197001252e-16,8.881784197001252e-16,8.881784197001252e-16,8.881784197001252e-16,8.881784197001252e-16,8.881784197001252e-16,8.881784197001252e-16,8.881784197001252e-16,8.881784197001252e-16
1.78,0.9,0.0,0.0,0.0,0.0,0.0,0.0,0.0,0.0,0.0,0.0,0.0,0.0,0.0,0.0
0.10000000000000053,-0.09999999999999964,8.881784197001252e-16,8.881784197001252e-16,8.881784197001252e-16,8.881784197001252e-16,8.881784197001252e-16,8.881784197001252e-16,8.881784197001252e-16,8.881784197001252e-16,8.881784197001252e-16,8.881784197001252e-16,8.881784197001252e-16,8.881784197001252e-16,8.881784197001252e-16,8.881784197001252e-16
0.0600000000000005,0.14000000000000057,0.8400000000000007,0.7800000000000002,8.881784197001252e-16,8.881784197001252e-16,8.881784197001252e-16,8.881784197001252e-16,8.881784197001252e-16,8.881784197001252e-16,8.881784197001252e-16,8.881784197001252e-16,8.881784197001252e-16,8.881784197001252e-16,8.881784197001252e-16,8.881784197001252e-16
1.78,0.46,0.9400000000000001,1.22,0.0,0.0,0.0,0.0,0.0,0.0,0.0,0.0,0.0,0.0,0.0,0.0
0.0600000000000005,-0.35999999999999943,0.54,-0.11999999999999922,8.881784197001252e-16,8.881784197001252e-16,8.881784197001252e-16,8.881784197001252e-16,8.881784197001252e-16,8.881784197001252e-16,8.881784197001252e-16,8.881784197001252e-16,8.881784197001252e-16,8.881784197001252e-16,8.881784197001252e-16,8.881784197001252e-16
0.08000000000000007,0.0600000000000005,1.040000000000001,-0.21999999999999975,8.881784197001252e-16,8.881784197001252e-16,8.881784197001252e-16,8.881784197001252e-16,8.881784197001252e-16,8.881784197001252e-16,8.881784197001252e-16,8.881784197001252e-16,8.881784197001252e-16,8.881784197001252e-16,8.881784197001252e-16,8.881784197001252e-16
1.78,0.4,0.9,1.98,0.0,0.0,0.0,0.0,0.0,0.0,0.0,0.0,0.0,0.0,0.0,0.0
0.08000000000000007,-0.1999999999999993,-0.13999999999999968,-0.9399999999999995,8.881784197001252e-16,8.881784197001252e-16,8.881784197001252e-16,8.881784197001252e-16,8.881784197001252e-16,8.881784197001252e-16,8.881784197001252e-16,8.881784197001252e-16,8.881784197001252e-16,8.881784197001252e-16,8.881784197001252e-16,8.881784197001252e-16
0.08000000000000007,0.10000000000000053,1.0600000000000005,8.881784197001252e-16,8.881784197001252e-16,8.881784197001252e-16,8.881784197001252e-16,8.881784197001252e-16,8.881784197001252e-16,8.881784197001252e-16,8.881784197001252e-16,8.881784197001252e-16,8.881784197001252e-16,8.881784197001252e-16,8.881784197001252e-16,8.881784197001252e-16
1.78,0.4,0.9,0.0,0.0,0.0,0.0,0.0,0.0,0.0,0.0,0.0,0.0,0.0,0.0,0.0
0.0600000000000005,-0.17999999999999972,-0.17999999999999972,8.881784197001252e-16,8.881784197001252e-16,8.881784197001252e-16,8.881784197001252e-16,8.881784197001252e-16,8.881784197001252e-16,8.881784197001252e-16,8.881784197001252e-16,8.881784197001252e-16,8.881784197001252e-16,8.881784197001252e-16,8.881784197001252e-16,8.881784197001252e-16
0.08000000000000007,0.040000000000000036,1.08,8.881784197001252e-16,8.881784197001252e-16,8.881784197001252e-16,8.881784197001252e-16,8.881784197001252e-16,8.881784197001252e-16,8.881784197001252e-16,8.881784197001252e-16,8.881784197001252e-16,8.881784197001252e-16,8.881784197001252e-16,8.881784197001252e-16,8.881784197001252e-16
1.78,0.32,0.88,0.0,0.0,0.0,0.0,0.0,0.0,0.0,0.0,0.0,0.0,0.0,0.0,0.0
0.08000000000000007,-0.13999999999999968,-0.11999999999999922,8.881784197001252e-16,8.881784197001252e-16,8.881784197001252e-16,8.881784197001252e-16,8.881784197001252e-16,8.881784197001252e-16,8.881784197001252e-16,8.881784197001252e-16,8.881784197001252e-16,8.881784197001252e-16,8.881784197001252e-16,8.881784197001252e-16,8.881784197001252e-16
0.0600000000000005,0.14000000000000057,1.1000000000000005,8.881784197001252e-16,8.881784197001252e-16,8.881784197001252e-16,8.881784197001252e-16,8.881784197001252e-16,8.881784197001252e-16,8.881784197001252e-16,8.881784197001252e-16,8.881784197001252e-16,8.881784197001252e-16,8.881784197001252e-16,8.881784197001252e-16,8.881784197001252e-16
1.8,0.38,0.86,0.0,0.0,0.0,0.0,0.0,0.0,0.0,0.0,0.0,0.0,0.0,0.0,0.0
0.1200000000000001,-0.11999999999999922,-0.17999999999999972,8.881784197001252e-16,8.881784197001252e-16,8.881784197001252e-16,8.881784197001252e-16,8.881784197001252e-16,8.881784197001252e-16,8.881784197001252e-16,8.881784197001252e-16,8.881784197001252e-16,8.881784197001252e-16,8.881784197001252e-16,8.881784197001252e-16,8.881784197001252e-16
0.0600000000000005,-0.07999999999999918,1.0200000000000005,0.1200000000000001,8.881784197001252e-16,8.881784197001252e-16,8.881784197001252e-16,8.881784197001252e-16,8.881784197001252e-16,8.881784197001252e-16,8.881784197001252e-16,8.881784197001252e-16,8.881784197001252e-16,8.881784197001252e-16,8.881784197001252e-16,8.881784197001252e-16
1.78,0.66,0.92,0.38,0.0,0.0,0.0,0.0,0.0,0.0,0.0,0.0,0.0,0.0,0.0,0.0
0.1200000000000001,-0.13999999999999968,-0.15999999999999925,-0.13999999999999968,8.881784197001252e-16,8.881784197001252e-16,8.881784197001252e-16,8.881784197001252e-16,8.881784197001252e-16,8.881784197001252e-16,8.881784197001252e-16,8.881784197001252e-16,8.881784197001252e-16,8.881784197001252e-16,8.881784197001252e-16,8.881784197001252e-16
0.7200000000000006,0.16000000000000014,8.881784197001252e-16,8.881784197001252e-16,8.881784197001252e-16,8.881784197001252e-16,8.881784197001252e-16,8.881784197001252e-16,8.881784197001252e-16,8.881784197001252e-16,8.881784197001252e-16,8.881784197001252e-16,8.881784197001252e-16,8.881784197001252e-16,8.881784197001252e-16,8.881784197001252e-16
0.54,1.82,0.0,0.0,0.0,0.0,0.0,0.0,0.0,0.0,0.0,0.0,0.0,0.0,0.0,0.0
-0.9799999999999995,1.1000000000000005,8.881784197001252e-16,8.881784197001252e-16,8.881784197001252e-16,8.881784197001252e-16,8.881784197001252e-16,8.881784197001252e-16,8.881784197001252e-16,8.881784197001252e-16,8.881784197001252e-16,8.881784197001252e-16,8.881784197001252e-16,8.881784197001252e-16,8.881784197001252e-16,8.881784197001252e-16
0.7200000000000006,-0.7799999999999994,-0.3199999999999994,8.881784197001252e-16,8.881784197001252e-16,8.881784197001252e-16,8.881784197001252e-16,8.881784197001252e-16,8.881784197001252e-16,8.881784197001252e-16,8.881784197001252e-16,8.881784197001252e-16,8.881784197001252e-16,8.881784197001252e-16,8.881784197001252e-16,8.881784197001252e-16
0.56,0.4,0.36,0.0,0.0,0.0,0.0,0.0,0.0,0.0,0.0,0.0,0.0,0.0,0.0,0.0
-0.96,0.1800000000000006,-0.23999999999999932,8.881784197001252e-16,8.881784197001252e-16,8.881784197001252e-16,8.881784197001252e-16,8.881784197001252e-16,8.881784197001252e-16,8.881784197001252e-16,8.881784197001252e-16,8.881784197001252e-16,8.881784197001252e-16,8.881784197001252e-16,8.881784197001252e-16,8.881784197001252e-16
0.7200000000000006,8.881784197001252e-16,8.881784197001252e-16,8.881784197001252e-16,8.881784197001252e-16,8.881784197001252e-16,8.881784197001252e-16,8.881784197001252e-16,8.881784197001252e-16,8.881784197001252e-16,8.881784197001252e-16,8.881784197001252e-16,8.881784197001252e-16,8.881784197001252e-16,8.881784197001252e-16,8.881784197001252e-16
0.62,0.0,0.0,0.0,0.0,0.0,0.0,0.0,0.0,0.0,0.0,0.0,0.0,0.0,0.0,0.0
-0.9399999999999995,8.881784197001252e-16,8.881784197001252e-16,8.881784197001252e-16,8.881784197001252e-16,8.881784197001252e-16,8.881784197001252e-16,8.881784197001252e-16,8.881784197001252e-16,8.881784197001252e-16,8.881784197001252e-16,8.881784197001252e-16,8.881784197001252e-16,8.881784197001252e-16,8.881784197001252e-16,8.881784197001252e-16
0.7400000000000002,-0.35999999999999943,8.881784197001252e-16,8.881784197001252e-16,8.881784197001252e-16,8.881784197001252e-16,8.881784197001252e-16,8.881784197001252e-16,8.881784197001252e-16,8.881784197001252e-16,8.881784197001252e-16,8.881784197001252e-16,8.881784197001252e-16,8.881784197001252e-16,8.881784197001252e-16,8.881784197001252e-16
0.54,0.32,0.0,0.0,0.0,0.0,0.0,0.0,0.0,0.0,0.0,0.0,0.0,0.0,0.0,0.0
-0.96,-0.2599999999999998,8.881784197001252e-16,8.881784197001252e-16,8.881784197001252e-16,8.881784197001252e-16,8.881784197001252e-16,8.881784197001252e-16,8.881784197001252e-16,8.881784197001252e-16,8.881784197001252e-16,8.881784197001252e-16,8.881784197001252e-16,8.881784197001252e-16,8.881784197001252e-16,8.881784197001252e-16
0.7200000000000006,-0.27999999999999936,8.881784197001252e-16,8.881784197001252e-16,8.881784197001252e-16,8.881784197001252e-16,8.881784197001252e-16,8.881784197001252e-16,8.881784197001252e-16,8.881784197001252e-16,8.881784197001252e-16,8.881784197001252e-16,8.881784197001252e-16,8.881784197001252e-16,8.881784197001252e-16,8.881784197001252e-16
0.56,0.38,0.0,0.0,0.0,0.0,0.0,0.0,0.0,0.0,0.0,0.0,0.0,0.0,0.0,0.0
-0.96,-0.23999999999999932,8.881784197001252e-16,8.881784197001252e-16,8.881784197001252e-16,8.881784197001252e-16,8.881784197001252e-16,8.881784197001252e-16,8.881784197001252e-16,8.881784197001252e-16,8.881784197001252e-16,8.881784197001252e-16,8.881784197001252e-16,8.881784197001252e-16,8.881784197001252e-16,8.881784197001252e-16
0.7200000000000006,-0.6199999999999992,8.881784197001252e-16,8.881784197001252e-16,8.881784197001252e-16,8.881784197001252e-16,8.881784197001252e-16,8.881784197001252e-16,8.881784197001252e-16,8.881784197001252e-16,8.881784197001252e-16,8.881784197001252e-16,8.881784197001252e-16,8.881784197001252e-16,8.881784197001252e-16,8.881784197001252e-16
0.6,0.8,0.0,0.0,0.0,0.0,0.0,0.0,0.0,0.0,0.0,0.0,0.0,0.0,0.0,0.0
-0.9399999999999995,0.22000000000000064,8.881784197001252e-16,8.881784197001252e-16,8.881784197001252e-16,8.881784197001252e-16,8.881784197001252e-16,8.881784197001252e-16,8.881784197001252e-16,8.881784197001252e-16,8.881784197001252e-16,8.881784197001252e-16,8.881784197001252e-16,8.881784197001252e-16,8.881784197001252e-16,8.881784197001252e-16
0.7400000000000002,-0.2999999999999998,8.881784197001252e-16,8.881784197001252e-16,8.881784197001252e-16,8.881784197001252e-16,8.881784197001252e-16,8.881784197001252e-16,8.881784197001252e-16,8.881784197001252e-16,8.881784197001252e-16,8.881784197001252e-16,8.881784197001252e-16,8.881784197001252e-16,8.881784197001252e-16,8.881784197001252e-16
0.54,0.34,0.0,0.0,0.0,0.0,0.0,0.0,0.0,0.0,0.0,0.0,0.0,0.0,0.0,0.0
-0.9799999999999995,-0.23999999999999932,8.881784197001252e-16,8.881784197001252e-16,8.881784197001252e-16,8.881784197001252e-16,8.881784197001252e-16,8.881784197001252e-16,8.881784197001252e-16,8.881784197001252e-16,8.881784197001252e-16,8.881784197001252e-16,8.881784197001252e-16,8.881784197001252e-16,8.881784197001252e-16,8.881784197001252e-16
0.7200000000000006,8.881784197001252e-16,0.6200000000000001,8.881784197001252e-16,8.881784197001252e-16,8.881784197001252e-16,8.881784197001252e-16,8.881784197001252e-16,8.881784197001252e-16,8.881784197001252e-16,8.881784197001252e-16,8.881784197001252e-16,8.881784197001252e-16,8.881784197001252e-16,8.881784197001252e-16,8.881784197001252e-16
0.56,1.0,1.96,0.0,0.0,0.0,0.0,0.0,0.0,0.0,0.0,0.0,0.0,0.0,0.0,0.0
-0.96,0.10000000000000053,0.7800000000000002,8.881784197001252e-16,8.881784197001252e-16,8.881784197001252e-16,8.881784197001252e-16,8.881784197001252e-16,8.881784197001252e-16,8.881784197001252e-16,8.881784197001252e-16,8.881784197001252e-16,8.881784197001252e-16,8.881784197001252e-16,8.881784197001252e-16,8.881784197001252e-16
0.1200000000000001,0.7200000000000006,8.881784197001252e-16,8.881784197001252e-16,8.881784197001252e-16,8.881784197001252e-16,8.881784197001252e-16,8.881784197001252e-16,8.881784197001252e-16,8.881784197001252e-16,8.881784197001252e-16,8.881784197001252e-16,8.881784197001252e-16,8.881784197001252e-16,8.881784197001252e-16,8.881784197001252e-16
-0.6399999999999997,-1.0,8.881784197001252e-16,8.881784197001252e-16,8.881784197001252e-16,8.881784197001252e-16,8.881784197001252e-16,8.881784197001252e-16,8.881784197001252e-16,8.881784197001252e-16,8.881784197001252e-16,8.881784197001252e-16,8.881784197001252e-16,8.881784197001252e-16,8.881784197001252e-16,8.881784197001252e-16
